{
  "78b2914d270f42683c646a152310affd976831d9": {
    "name": "light+ default (Notes Manager Light+ 2023)",
    "theme": ""
  },
  "2467454d6751fc0ee1d80f1afef1e4964304667a": {
    "name": "Visual light+",
    "theme": ""
  },
  "a0018e031f54158fa5903b23f98c7291f20ea536": {
    "name": "Eliora light",
    "theme": ""
  },
  "46237bd743c1c1018e344144a6b8e3180812accf": {
    "name": "Lucasta light",
    "theme": ""
  },
  "174b067b48cdb84cae3e49649e7466dee667cb2d": {
    "name": "Bezier light",
    "theme": ""
  },
  "b57a521cda4c60725889554b2cc1a7fb0b933ab7": {
    "name": "Terminal light",
    "theme": ""
  },
  "365a6d0ab01b3346569bd1ad38c239af9641f99e": {
    "name": "Dark+ default (Notes Manager Dark+ 2023)",
    "theme": ""
  },
  "0620f780e3547ce78b07140e25410260a63cc1f0": {
    "name": "Monokai dark",
    "theme": ""
  },
  "1f7f4ee46b4942eb382f69433baf21e96e419b92": {
    "name": "Terminal dark",
    "theme": ""
  },
  "9b2f2609d5fecb68c3ecb324a187b9975c53777c": {
    "name": "Pro dark",
    "theme": ""
  },
  "3c690b812eddae1543c092db377188f5cf8e4f5b": {
    "name": "Visual dark+",
    "theme": ""
  }
}